-- phpMyAdmin SQL Dump
-- version 4.9.2
-- https://www.phpmyadmin.net/
--
-- Hôte : 127.0.0.1:3306
-- Généré le :  mer. 17 nov. 2021 à 17:13
-- Version du serveur :  10.4.10-MariaDB
-- Version de PHP :  7.3.12

SET SQL_MODE = "NO_AUTO_VALUE_ON_ZERO";
SET AUTOCOMMIT = 0;
START TRANSACTION;
SET time_zone = "+00:00";


/*!40101 SET @OLD_CHARACTER_SET_CLIENT=@@CHARACTER_SET_CLIENT */;
/*!40101 SET @OLD_CHARACTER_SET_RESULTS=@@CHARACTER_SET_RESULTS */;
/*!40101 SET @OLD_COLLATION_CONNECTION=@@COLLATION_CONNECTION */;
/*!40101 SET NAMES utf8mb4 */;

--
-- Base de données :  `siteweb`
--


-- --------------------------------------------------------
-- ALPHA DFEZRFRZEGREZGREZGFV
--
-- Structure de la table `typedutilisateurs`
--

DROP TABLE IF EXISTS `typedutilisateurs`;
CREATE TABLE IF NOT EXISTS `typedutilisateurs` (
  `IDTypeutilisateur` int(255) AUTO_INCREMENT,
  `libelle` varchar(255) COLLATE utf8_unicode_ci,
  PRIMARY KEY (`IDTypeutilisateur`)
) ENGINE=MyISAM DEFAULT CHARSET=utf8 COLLATE=utf8_unicode_ci;


-- --------------------------------------------------------


--
-- Structure de la table `utilisateurs`
--

DROP TABLE IF EXISTS `utilisateurs`;
CREATE TABLE IF NOT EXISTS `utilisateurs` (
  `IDUtilisateur` int(255) AUTO_INCREMENT,
  `Nom` varchar(255) COLLATE utf8_unicode_ci,
  `Prenom` varchar(255) COLLATE utf8_unicode_ci,
  `DateDeNaissance` date,
  `User` varchar(255) COLLATE utf8_unicode_ci,
  `Password` varchar(255) COLLATE utf8_unicode_ci,
  `Email` varchar(255) COLLATE utf8_unicode_ci,
  `2FA` varchar(100) COLLATE utf8_unicode_ci,
  `Telephone` int(10),
  `IDTypeUtilisateur` int(255),
  `Photo` varchar(255) COLLATE utf8_unicode_ci,
  PRIMARY KEY (`IDUtilisateur`),
  FOREIGN KEY(IDTypeutilisateur) references typedutilisateurs(IDTypeutilisateur) ON DELETE CASCADE
) ENGINE=MyISAM DEFAULT CHARSET=utf8 COLLATE=utf8_unicode_ci;
COMMIT;

--
-- Structure de la table `actualites`
--

DROP TABLE IF EXISTS `actualites`;
CREATE TABLE IF NOT EXISTS `actualites` (
  `IDActu` int(255) AUTO_INCREMENT,
  `Titre` varchar(255) COLLATE utf8_unicode_ci,
  `Commentaire` varchar(255) COLLATE utf8_unicode_ci,
  `DatePublication` date,
  `Publique` tinyint(1),
  `DateSaisie` date,
  `IP` varchar(255) COLLATE utf8_unicode_ci,
  `ValideeParModerateur` tinyint(1),
  `IDUtilisateur` int(255),
  PRIMARY KEY (`IDActu`),
  FOREIGN KEY(IDUtilisateur) references utilisateurs(IDUtilisateur) ON DELETE CASCADE
) ENGINE=MyISAM DEFAULT CHARSET=utf8 COLLATE=utf8_unicode_ci;

-- --------------------------------------------------------

--
-- Structure de la table `contacts`
--

DROP TABLE IF EXISTS `contacts`;
CREATE TABLE IF NOT EXISTS `contacts` (
  `IDUtilisateur0` int(255),
  `IDUtilisateur1` int(255),
  PRIMARY KEY (`IDUtilisateur0`,`IDUtilisateur1`),
  FOREIGN KEY(IDUtilisateur0) references utilisateurs(IDUtilisateur) ON DELETE CASCADE,
  FOREIGN KEY(IDUtilisateur1) references utilisateurs(IDUtilisateur) ON DELETE CASCADE
) ENGINE=MyISAM DEFAULT CHARSET=utf8 COLLATE=utf8_unicode_ci;

-- --------------------------------------------------------

--
-- Structure de la table `entreprise`
--

DROP TABLE IF EXISTS `entreprise`;
CREATE TABLE IF NOT EXISTS `entreprise` (
  `IDEntreprise` int(255) AUTO_INCREMENT,
  `RaisonSocial` varchar(255) COLLATE utf8_unicode_ci,
  `SIREN` varchar(255) COLLATE utf8_unicode_ci,
  `SIRET` varchar(255) COLLATE utf8_unicode_ci,
  `IDUtilisateur` int(255),
  `Adresse` varchar(255) COLLATE utf8_unicode_ci,
  `Commentaire` varchar(255) COLLATE utf8_unicode_ci,
  `SiteWeb` varchar(255) COLLATE utf8_unicode_ci,
  `EmailDeContact` varchar(255) COLLATE utf8_unicode_ci,
  `Logo` varchar(255) COLLATE utf8_unicode_ci,
  PRIMARY KEY (`IDEntreprise`),
  FOREIGN KEY(IDUtilisateur) references utilisateurs(IDUtilisateur) ON DELETE CASCADE

) ENGINE=MyISAM DEFAULT CHARSET=utf8 COLLATE=utf8_unicode_ci;


-- --------------------------------------------------------

--
-- Structure de la table `typesdexperiences`
--

DROP TABLE IF EXISTS `typesdexperiences`;
CREATE TABLE IF NOT EXISTS `typesdexperiences` (
  `IDTypeExperience` int(255) AUTO_INCREMENT,
  `Type` varchar(255) COLLATE utf8_unicode_ci,
  PRIMARY KEY (`IDTypeExperience`)
) ENGINE=MyISAM DEFAULT CHARSET=utf8 COLLATE=utf8_unicode_ci;


-- --------------------------------------------------------

--
-- Structure de la table `experiences`
--

DROP TABLE IF EXISTS `experiences`;
CREATE TABLE IF NOT EXISTS `experiences` (
  `IDutilisateur` int(255),
  `RaisonSocialEntreprise` varchar(255) COLLATE utf8_unicode_ci,
  `DateDebut` date,
  `DateFin` date,
  `CommentairePublic` varchar(255) COLLATE utf8_unicode_ci,
  `IDTypeExperience` int(255),
  `DateSaisie` date,
  `IPSaisie` varchar(255) COLLATE utf8_unicode_ci,
  FOREIGN KEY(IDUtilisateur) references utilisateurs(IDUtilisateur) ON DELETE CASCADE,
  FOREIGN KEY(IDTypeExperience) references typesdexperiences(IDTypeExperience) ON DELETE CASCADE
) ENGINE=MyISAM DEFAULT CHARSET=utf8 COLLATE=utf8_unicode_ci;

-- --------------------------------------------------------

--
-- Structure de la table `logconnexions`
--

DROP TABLE IF EXISTS `logconnexions`;
CREATE TABLE IF NOT EXISTS `logconnexions` (
  `utilisateur` varchar(255) COLLATE utf8_unicode_ci,
  `IP` varchar(255) COLLATE utf8_unicode_ci,
  `date` varchar(255) COLLATE utf8_unicode_ci,
  `ConnexionOKouPAS` varchar(255) COLLATE utf8_unicode_ci
) ENGINE=MyISAM DEFAULT CHARSET=utf8 COLLATE=utf8_unicode_ci;

-- --------------------------------------------------------

--
-- Structure de la table `message`
--

DROP TABLE IF EXISTS `message`;
CREATE TABLE IF NOT EXISTS `message` (
  `IDUtilisateurEmetteur` int(255),
  `IDUtilisateurDestinataire` int(255),
  `Message` mediumtext COLLATE utf8_unicode_ci,
  `DateDEnvoi` date,
  `DateDeLecture` date,
  `IPDEnvoi` varchar(255) COLLATE utf8_unicode_ci,
  `DateServerEnvoi` date,
  `IPDeLecture` varchar(255) COLLATE utf8_unicode_ci,
  `DateServerLecture` date,
  FOREIGN KEY(IDUtilisateurEmetteur) references utilisateurs(IDUtilisateur) ON DELETE CASCADE,
  FOREIGN KEY(IDUtilisateurDestinataire) references utilisateurs(IDUtilisateur) ON DELETE CASCADE
) ENGINE=MyISAM DEFAULT CHARSET=utf8 COLLATE=utf8_unicode_ci;

-- --------------------------------------------------------

DELIMITER |
CREATE TRIGGER DateModif
BEFORE INSERT
ON message
FOR EACH ROW
BEGIN
	IF new.DateDEnvoi IS NULL OR new.DateDEnvoi = "0001-01-01" THEN
    SET new.DateDEnvoi = CURRENT_TIMESTAMP;
	END IF;
END |
DELIMITER ;

--
-- Structure de la table `typedecontrat`
--

DROP TABLE IF EXISTS `typedecontrat`;
CREATE TABLE IF NOT EXISTS `typedecontrat` (
  `IDTypeContrat` int(255) AUTO_INCREMENT,
  `libelle` varchar(255) COLLATE utf8_unicode_ci,
  PRIMARY KEY (`IDTypeContrat`)
) ENGINE=MyISAM DEFAULT CHARSET=utf8 COLLATE=utf8_unicode_ci;

-- --------------------------------------------------------

--
-- Structure de la table `offresdemploie`
--

DROP TABLE IF EXISTS `offresdemploie`;
CREATE TABLE IF NOT EXISTS `offresdemploie` (
  `IDOffre` int(255) AUTO_INCREMENT,
  `IDEntreprise` int(255),
  `titre` varchar(255) COLLATE utf8_unicode_ci,
  `commentaire` varchar(255) COLLATE utf8_unicode_ci,
  `DatePublication` date,
  `IDTypeContrat` int(255),
  `Salaire` varchar(255) COLLATE utf8_unicode_ci,
  `IDUtilisateurAvantSaisie` int(255),
  `IPSaisie` varchar(255) COLLATE utf8_unicode_ci,
  `DateDeSaisie` date,
  `ValideeParModerateur` tinyint(1),
  PRIMARY KEY (`IDOffre`),
  FOREIGN KEY(IDEntreprise) references entreprise(IDEntreprise) ON DELETE CASCADE,
  FOREIGN KEY(IDTypeContrat) references typedecontrat(IDTypeContrat) ON DELETE CASCADE
) ENGINE=MyISAM DEFAULT CHARSET=utf8 COLLATE=utf8_unicode_ci;

-- --------------------------------------------------------

--
-- Structure de la table `pagedusite`
--

DROP TABLE IF EXISTS `pagedusite`;
CREATE TABLE IF NOT EXISTS `pagedusite` (
  `ID` int(255),
  `titre` varchar(100) COLLATE utf8_unicode_ci,
  `contenu` mediumtext COLLATE utf8_unicode_ci
) ENGINE=MyISAM DEFAULT CHARSET=utf8 COLLATE=utf8_unicode_ci;

-- --------------------------------------------------------

--
-- Structure de la table `publicites`
--

DROP TABLE IF EXISTS `publicites`;
CREATE TABLE IF NOT EXISTS `publicites` (
  `IDutilisateur` int(255),
  `titre` varchar(100) COLLATE utf8_unicode_ci,
  `texte` mediumtext COLLATE utf8_unicode_ci,
  `photo` varchar(100) COLLATE utf8_unicode_ci,
  `IPsaisie` varchar(100) COLLATE utf8_unicode_ci,
  `DateSaisie` date,
  `ValideeParModerateur` tinyint(1),
  `MoyenDePamentUtilise` varchar(255) COLLATE utf8_unicode_ci,
  FOREIGN KEY(IDUtilisateur) references utilisateurs(IDUtilisateur) ON DELETE CASCADE
) ENGINE=MyISAM DEFAULT CHARSET=utf8 COLLATE=utf8_unicode_ci;

-- --------------------------------------------------------

--
-- Structure de la table `recuperation`
--

DROP TABLE IF EXISTS `recuperation`;
CREATE TABLE IF NOT EXISTS `recuperation` (
  `id` int(11) NOT NULL AUTO_INCREMENT,
  `mail` varchar(255) COLLATE utf8mb4_bin NOT NULL,
  `code` int(11) NOT NULL,
  `confirmer` int(11) NOT NULL,
  PRIMARY KEY (`id`)
) ENGINE=MyISAM AUTO_INCREMENT=6 DEFAULT CHARSET=utf8mb4 COLLATE=utf8mb4_bin;
COMMIT;

/*!40101 SET CHARACTER_SET_CLIENT=@OLD_CHARACTER_SET_CLIENT */;
/*!40101 SET CHARACTER_SET_RESULTS=@OLD_CHARACTER_SET_RESULTS */;
/*!40101 SET COLLATION_CONNECTION=@OLD_COLLATION_CONNECTION */;


-- peuplement de la table typedutilisateurs

INSERT INTO typedutilisateurs VALUES (1,"Utilisateur Client Normal");
INSERT INTO typedutilisateurs VALUES (2,"Utilisateur Entreprise Normal");
INSERT INTO typedutilisateurs VALUES (3,"Utilisateur Modérateur");
INSERT INTO typedutilisateurs VALUES (4,"Utilisateur Admin");


-- peuplement de la table utilisateurs

INSERT INTO utilisateurs VALUES (119347424,"bastien","lilyan","2000-01-27","lilyanb","test","touslestests1@gmail.com",NULL,0614041024,1,"NULL");
INSERT INTO utilisateurs VALUES (211768189,"H14","Null","1966-11-21","Null H14","Null148253465","Null.H14@gmail.com",NULL,0655358888,2,"NULL");
INSERT INTO utilisateurs VALUES (2140049,"BATINOR N?1 NEW","Null","1966-03-18","Null BATINOR N?1 NEW","Null67355862","Null.BATINOR N?1 NEW@gmail.com",NULL,0653062189,4,"NULL");
INSERT INTO utilisateurs VALUES (214948594,"SOLEIL DE L'YSSANDONNAIS","Null","1933-06-24","Null SOLEIL DE L'YSSANDONNAIS","Null76793765","Null.SOLEIL DE L'YSSANDONNAIS@gmail.com",NULL,0646695787,2,"NULL");
INSERT INTO utilisateurs VALUES (111491228,"GALZIM","WAFAK","1989-06-02","WAFAK GALZIM","WAFAK20344017","WAFAK.GALZIM@yahoo.fr",NULL,0644521091,1,"NULL");
INSERT INTO utilisateurs VALUES (27773805,"ACCRO LIMOUSIN","Null","1958-07-13","Null ACCRO LIMOUSIN","Null82912940","Null.ACCRO LIMOUSIN@devinci.fr",NULL,0626025360,2,"NULL");
INSERT INTO utilisateurs VALUES (112777287,"POIROT PARADAS SANCHEZ","MIGNONE","1935-04-18","MIGNONE POIROT PARADAS SANCHEZ","MIGNONE138289986","MIGNONE.POIROT PARADAS SANCHEZ@hotmail.com",NULL,0662820216,1,"NULL");
INSERT INTO utilisateurs VALUES (21980615,"OLYMPE & GABRIELLE SAS","Null","1925-01-27","Null OLYMPE & GABRIELLE SAS","Null57205740","Null.OLYMPE & GABRIELLE SAS@yahoo.fr",NULL,0687020645,3,"NULL");
INSERT INTO utilisateurs VALUES (15224339,"BALIKCI","THIPANIE","1925-03-24","THIPANIE BALIKCI","THIPANIE887267","THIPANIE.BALIKCI@yahoo.fr",NULL,0616018459,3,"NULL");
INSERT INTO utilisateurs VALUES (19621864,"MIAZ","MOUZAYAN","1925-10-24","MOUZAYAN MIAZ","MOUZAYAN18453151","MOUZAYAN.MIAZ@hotmail.com",NULL,0612826621,1,"NULL");
INSERT INTO utilisateurs VALUES (116584365,"BOURNOVILLE","SHOTARO","1955-01-25","SHOTARO BOURNOVILLE","SHOTARO127914250","SHOTARO.BOURNOVILLE@gmail.com",NULL,0697737204,1,"NULL");
INSERT INTO utilisateurs VALUES (16242076,"PANAROTTO PERICLES","ACONAD","1966-07-22","ACONAD PANAROTTO PERICLES","ACONAD114120932","ACONAD.PANAROTTO PERICLES@devinci.fr",NULL,0623517700,1,"NULL");
INSERT INTO utilisateurs VALUES (2586277,"LES BONNIERES","Null","1992-03-23","Null LES BONNIERES","Null26384903","Null.LES BONNIERES@yahoo.fr",NULL,0623184346,2,"NULL");
INSERT INTO utilisateurs VALUES (210413365,"HAPPY CARS","Null","1968-12-11","Null HAPPY CARS","Null57162277","Null.HAPPY CARS@gmail.com",NULL,0647807389,2,"NULL");
INSERT INTO utilisateurs VALUES (1615112,"DE CARVALHO PALMA","VALET","1978-06-10","VALET DE CARVALHO PALMA","VALET10030615","VALET.DE CARVALHO PALMA@yahoo.fr",NULL,0660432358,1,"NULL");
INSERT INTO utilisateurs VALUES (114001025,"DAWAGNE","DJIE","1934-04-01","DJIE DAWAGNE","DJIE155912540","DJIE.DAWAGNE@yahoo.fr",NULL,0626411038,1,"NULL");
INSERT INTO utilisateurs VALUES (113113972,"CAZEDESSUS","GARBISE","1950-02-06","GARBISE CAZEDESSUS","GARBISE46728467","GARBISE.CAZEDESSUS@gmail.com",NULL,0679468148,1,"NULL");
INSERT INTO utilisateurs VALUES (115805387,"VIMARE","HOUDAFIFA","2007-11-13","HOUDAFIFA VIMARE","HOUDAFIFA109560669","HOUDAFIFA.VIMARE@gmail.com",NULL,0622375755,1,"NULL");
INSERT INTO utilisateurs VALUES (216403595,"TREFLES ELECTRICITE","Null","1943-04-06","Null TREFLES ELECTRICITE","Null72925252","Null.TREFLES ELECTRICITE@gmail.com",NULL,0631410341,4,"NULL");
INSERT INTO utilisateurs VALUES (26128222,"SO WORK","Null","2008-08-11","Null SO WORK","Null122148360","Null.SO WORK@devinci.fr",NULL,0635849262,2,"NULL");
INSERT INTO utilisateurs VALUES (120675882,"PARAVEY","NOGBOUBRA","1998-10-21","NOGBOUBRA PARAVEY","NOGBOUBRA129665449","NOGBOUBRA.PARAVEY@devinci.fr",NULL,0629639307,3,"NULL");
INSERT INTO utilisateurs VALUES (120391545,"PERNES DE OLIVEIRA","APOLLINIA","1974-09-02","APOLLINIA PERNES DE OLIVEIRA","APOLLINIA125360855","APOLLINIA.PERNES DE OLIVEIRA@hotmail.com",NULL,0616378712,1,"NULL");
INSERT INTO utilisateurs VALUES (220140173,"POULET BRAISE","Null","1970-01-05","Null POULET BRAISE","Null150088570","Null.POULET BRAISE@hotmail.com",NULL,0665388532,2,"NULL");
INSERT INTO utilisateurs VALUES (14327546,"ORMON","BARTOLUCCI","1962-05-27","BARTOLUCCI ORMON","BARTOLUCCI73359839","BARTOLUCCI.ORMON@hotmail.com",NULL,0616546194,1,"NULL");
INSERT INTO utilisateurs VALUES (19623951,"SEKLEM","ELENTERIO","1932-12-19","ELENTERIO SEKLEM","ELENTERIO21128535","ELENTERIO.SEKLEM@hotmail.com",NULL,0616267500,3,"NULL");
INSERT INTO utilisateurs VALUES (115790995,"COLOBERT","MARJIKE","2004-08-24","MARJIKE COLOBERT","MARJIKE5017424","MARJIKE.COLOBERT@yahoo.fr",NULL,0692161290,3,"NULL");
INSERT INTO utilisateurs VALUES (116781821,"LAWSON ANANI SOH","MEUBL","1984-05-07","MEUBL LAWSON ANANI SOH","MEUBL36877318","MEUBL.LAWSON ANANI SOH@devinci.fr",NULL,0671844804,4,"NULL");
INSERT INTO utilisateurs VALUES (1488753,"EL BEKKALI EL FADILI","LESLYN","1958-11-17","LESLYN EL BEKKALI EL FADILI","LESLYN5155346","LESLYN.EL BEKKALI EL FADILI@gmail.com",NULL,0615477765,1,"NULL");
INSERT INTO utilisateurs VALUES (28271228,"PAUL","Null","1933-12-11","Null PAUL","Null111471616","Null.PAUL@gmail.com",NULL,0656616475,4,"NULL");
INSERT INTO utilisateurs VALUES (210765908,"ADAM AUTOMOBILE","Null","1980-04-22","Null ADAM AUTOMOBILE","Null109381650","Null.ADAM AUTOMOBILE@hotmail.com",NULL,0671573367,2,"NULL");
INSERT INTO utilisateurs VALUES (210375029,"SARL RUTER","Null","1980-06-02","Null SARL RUTER","Null25663353","Null.SARL RUTER@gmail.com",NULL,0620262169,2,"NULL");
INSERT INTO utilisateurs VALUES (214399153,"9JR AVENIR INVESTISSEMENTS","Null","1932-11-13","Null 9JR AVENIR INVESTISSEMENTS","Null92594254","Null.9JR AVENIR INVESTISSEMENTS@yahoo.fr",NULL,0688811142,2,"NULL");
INSERT INTO utilisateurs VALUES (19752598,"MAROWSKI","SEFKO","1938-05-16","SEFKO MAROWSKI","SEFKO80992501","SEFKO.MAROWSKI@hotmail.com",NULL,0651762500,1,"NULL");
INSERT INTO utilisateurs VALUES (116994293,"VALDENAIRE MAURICE","THURAISAMY","1992-11-14","THURAISAMY VALDENAIRE MAURICE","THURAISAMY12375589","THURAISAMY.VALDENAIRE MAURICE@yahoo.fr",NULL,0694799623,1,"NULL");
INSERT INTO utilisateurs VALUES (213604517,"SYNAPTIQUE PRODUCTION","Null","1930-10-10","Null SYNAPTIQUE PRODUCTION","Null30045977","Null.SYNAPTIQUE PRODUCTION@hotmail.com",NULL,0688581179,2,"NULL");
INSERT INTO utilisateurs VALUES (16669269,"DOMINGUEZ SANCHEZ","LERNO","2001-05-22","LERNO DOMINGUEZ SANCHEZ","LERNO73765202","LERNO.DOMINGUEZ SANCHEZ@hotmail.com",NULL,0640482273,3,"NULL");
INSERT INTO utilisateurs VALUES (16843031,"HARRIGA","WIELE","1929-03-15","WIELE HARRIGA","WIELE149635104","WIELE.HARRIGA@yahoo.fr",NULL,0645044199,1,"NULL");
INSERT INTO utilisateurs VALUES (220285091,"LOCASYL ENERGIES Groupe","Null","1930-04-10","Null LOCASYL ENERGIES Groupe","Null154370506","Null.LOCASYL ENERGIES Groupe@devinci.fr",NULL,0693254646,2,"NULL");
INSERT INTO utilisateurs VALUES (113719838,"LE NEN","LOUTIANO","1932-07-26","LOUTIANO LE NEN","LOUTIANO2799211","LOUTIANO.LE NEN@yahoo.fr",NULL,0619272787,3,"NULL");
INSERT INTO utilisateurs VALUES (215943966,"LA MAREE","Null","2003-08-17","Null LA MAREE","Null36139285","Null.LA MAREE@gmail.com",NULL,0640659439,2,"NULL");
INSERT INTO utilisateurs VALUES (110233418,"CALVO NAVARRO","GOERING","2004-12-25","GOERING CALVO NAVARRO","GOERING81027805","GOERING.CALVO NAVARRO@gmail.com",NULL,0673434828,1,"NULL");
INSERT INTO utilisateurs VALUES (120686476,"RANDRIANASOLOSON","SEYDOS","1987-12-02","SEYDOS RANDRIANASOLOSON","SEYDOS24077424","SEYDOS.RANDRIANASOLOSON@hotmail.com",NULL,0693665043,1,"NULL");
INSERT INTO utilisateurs VALUES (213150565,"OBSESSIONS CULINAIRES","Null","1927-11-29","Null OBSESSIONS CULINAIRES","Null140599493","Null.OBSESSIONS CULINAIRES@gmail.com",NULL,0697957738,3,"NULL");
INSERT INTO utilisateurs VALUES (119275099,"LE BIHAN HERVAULT","BERLIAN","1979-08-26","BERLIAN LE BIHAN HERVAULT","BERLIAN132313969","BERLIAN.LE BIHAN HERVAULT@yahoo.fr",NULL,0676223858,1,"NULL");
INSERT INTO utilisateurs VALUES (118381295,"SANTUNIONE","BIDYAWATTEE","1930-11-17","BIDYAWATTEE SANTUNIONE","BIDYAWATTEE154276301","BIDYAWATTEE.SANTUNIONE@yahoo.fr",NULL,0658298930,3,"NULL");
INSERT INTO utilisateurs VALUES (113803135,"KOUAIDIA","CAVAT","1960-03-26","CAVAT KOUAIDIA","CAVAT124172792","CAVAT.KOUAIDIA@hotmail.com",NULL,0664698514,3,"NULL");
INSERT INTO utilisateurs VALUES (19787400,"BOUNIOL SALIBI","BENYACINE","1973-06-28","BENYACINE BOUNIOL SALIBI","BENYACINE111319684","BENYACINE.BOUNIOL SALIBI@hotmail.com",NULL,0614268891,1,"NULL");
INSERT INTO utilisateurs VALUES (17853871,"HARBAL","TAKIMA","1973-06-11","TAKIMA HARBAL","TAKIMA148368704","TAKIMA.HARBAL@hotmail.com",NULL,0632706693,3,"NULL");
INSERT INTO utilisateurs VALUES (26358812,"SYLVIE NOIRBENT PEINTRE DECORATRICE","Null","1957-12-25","Null SYLVIE NOIRBENT PEINTRE DECORATRICE","Null7024634","Null.SYLVIE NOIRBENT PEINTRE DECORATRICE@gmail.com",NULL,0646328636,2,"NULL");
INSERT INTO utilisateurs VALUES (24870077,"AE2F","Null","1996-09-05","Null AE2F","Null60116523","Null.AE2F@hotmail.com",NULL,0639241829,2,"NULL");
INSERT INTO utilisateurs VALUES (114747195,"GRANDCLAUDON","MARHOUANE","1989-07-05","MARHOUANE GRANDCLAUDON","MARHOUANE100547712","MARHOUANE.GRANDCLAUDON@devinci.fr",NULL,0675763015,1,"NULL");
INSERT INTO utilisateurs VALUES (113807724,"KHELOUA","ORLYANE","1986-06-18","ORLYANE KHELOUA","ORLYANE62485233","ORLYANE.KHELOUA@hotmail.com",NULL,0672723338,1,"NULL");
INSERT INTO utilisateurs VALUES (112354653,"CELSE L'HOSTE","SAIFEDINE","1963-10-16","SAIFEDINE CELSE L'HOSTE","SAIFEDINE2326462","SAIFEDINE.CELSE L'HOSTE@yahoo.fr",NULL,0689561862,1,"NULL");
INSERT INTO utilisateurs VALUES (114175118,"DOUESSIN","ZENNUR","1952-09-29","ZENNUR DOUESSIN","ZENNUR108901052","ZENNUR.DOUESSIN@gmail.com",NULL,0661106350,4,"NULL");
INSERT INTO utilisateurs VALUES (110862961,"BONDOERFFER","ANNFLOR","2000-05-04","ANNFLOR BONDOERFFER","ANNFLOR48861036","ANNFLOR.BONDOERFFER@gmail.com",NULL,0613878951,1,"NULL");
INSERT INTO utilisateurs VALUES (216942260,"AMP Charpente","Null","1996-09-16","Null AMP Charpente","Null28600348","Null.AMP Charpente@gmail.com",NULL,0692493197,4,"NULL");
INSERT INTO utilisateurs VALUES (118629453,"UOMOBONO","DWOJRA","1965-11-08","DWOJRA UOMOBONO","DWOJRA53638893","DWOJRA.UOMOBONO@devinci.fr",NULL,0683735570,1,"NULL");
INSERT INTO utilisateurs VALUES (120968730,"BOUADANA","YERINSON","1993-11-22","YERINSON BOUADANA","YERINSON84372698","YERINSON.BOUADANA@devinci.fr",NULL,0693510452,1,"NULL");
INSERT INTO utilisateurs VALUES (120256522,"TOPP","MANUCEAU","1929-12-07","MANUCEAU TOPP","MANUCEAU142661813","MANUCEAU.TOPP@hotmail.com",NULL,0615184411,4,"NULL");
INSERT INTO utilisateurs VALUES (218461587,"TECHNODAL","Null","1924-05-17","Null TECHNODAL","Null53270814","Null.TECHNODAL@hotmail.com",NULL,0645209360,2,"NULL");
INSERT INTO utilisateurs VALUES (113290393,"MALABREUX","POUGNOZI","1962-06-03","POUGNOZI MALABREUX","POUGNOZI82539977","POUGNOZI.MALABREUX@devinci.fr",NULL,0668289776,1,"NULL");
INSERT INTO utilisateurs VALUES (114912868,"SIWIOREK","SANKY","1971-01-11","SANKY SIWIOREK","SANKY71049961","SANKY.SIWIOREK@gmail.com",NULL,0612904305,1,"NULL");
INSERT INTO utilisateurs VALUES (23432036,"LA GRAPPE ESCALADE","Null","1942-11-02","Null LA GRAPPE ESCALADE","Null81704276","Null.LA GRAPPE ESCALADE@yahoo.fr",NULL,0643325925,2,"NULL");
INSERT INTO utilisateurs VALUES (116162802,"CAMPBELL GRAY","GROZIELLA","1930-09-07","GROZIELLA CAMPBELL GRAY","GROZIELLA155338263","GROZIELLA.CAMPBELL GRAY@gmail.com",NULL,0670151364,1,"NULL");
INSERT INTO utilisateurs VALUES (118174401,"GROS BURDET","DANIRLE","1951-01-27","DANIRLE GROS BURDET","DANIRLE31904524","DANIRLE.GROS BURDET@hotmail.com",NULL,0685628090,1,"NULL");
INSERT INTO utilisateurs VALUES (19468071,"INANCLI","AZMAN","1994-11-09","AZMAN INANCLI","AZMAN124356788","AZMAN.INANCLI@yahoo.fr",NULL,0628660330,4,"NULL");
INSERT INTO utilisateurs VALUES (211005794,"GENESIX","Null","2005-01-18","Null GENESIX","Null90644856","Null.GENESIX@yahoo.fr",NULL,0665587580,2,"NULL");
INSERT INTO utilisateurs VALUES (28938468,"BISTROT DE LA MER","Null","1979-05-01","Null BISTROT DE LA MER","Null1913263","Null.BISTROT DE LA MER@hotmail.com",NULL,0691331978,3,"NULL");
INSERT INTO utilisateurs VALUES (217810942,"Gazeau BTZ","Null","1938-03-23","Null Gazeau BTZ","Null118568190","Null.Gazeau BTZ@yahoo.fr",NULL,0617990056,2,"NULL");
INSERT INTO utilisateurs VALUES (118886479,"TABOAS FERNANDES","ABDELKBIR","1948-10-08","ABDELKBIR TABOAS FERNANDES","ABDELKBIR109697769","ABDELKBIR.TABOAS FERNANDES@gmail.com",NULL,0669493778,4,"NULL");
INSERT INTO utilisateurs VALUES (27332610,"HOLDING G5","Null","1990-02-20","Null HOLDING G5","Null137357227","Null.HOLDING G5@yahoo.fr",NULL,0683113009,2,"NULL");
INSERT INTO utilisateurs VALUES (215680582,"ADDC","Null","1974-10-06","Null ADDC","Null26792594","Null.ADDC@gmail.com",NULL,0646403017,3,"NULL");
INSERT INTO utilisateurs VALUES (13480420,"MEZOURI","GIORIA","1936-11-29","GIORIA MEZOURI","GIORIA13075501","GIORIA.MEZOURI@devinci.fr",NULL,0664425345,4,"NULL");
INSERT INTO utilisateurs VALUES (19877732,"AGOSTINHO MIGUEL","IOSSIF","1984-05-16","IOSSIF AGOSTINHO MIGUEL","IOSSIF101184300","IOSSIF.AGOSTINHO MIGUEL@yahoo.fr",NULL,0632827457,1,"NULL");
INSERT INTO utilisateurs VALUES (119977682,"KIYICA","LORIELLE","1965-12-20","LORIELLE KIYICA","LORIELLE13068445","LORIELLE.KIYICA@gmail.com",NULL,0668414422,1,"NULL");
INSERT INTO utilisateurs VALUES (12292532,"PEALAT","AVIEZRA","1989-03-25","AVIEZRA PEALAT","AVIEZRA154298922","AVIEZRA.PEALAT@devinci.fr",NULL,0690938191,1,"NULL");
INSERT INTO utilisateurs VALUES (25287892,"Kameleon","Null","1994-03-07","Null Kameleon","Null103336156","Null.Kameleon@gmail.com",NULL,0653044464,2,"NULL");
INSERT INTO utilisateurs VALUES (112608714,"DJOUALLAH","NESSAR","1936-03-11","NESSAR DJOUALLAH","NESSAR77325545","NESSAR.DJOUALLAH@yahoo.fr",NULL,0670295353,1,"NULL");
INSERT INTO utilisateurs VALUES (211773411,"SFB GROUP","Null","1982-06-09","Null SFB GROUP","Null127884358","Null.SFB GROUP@yahoo.fr",NULL,0672877260,2,"NULL");
INSERT INTO utilisateurs VALUES (19728042,"RUIZ ARTACHO","NAJATT","1963-02-08","NAJATT RUIZ ARTACHO","NAJATT20628198","NAJATT.RUIZ ARTACHO@hotmail.com",NULL,0690145466,4,"NULL");
INSERT INTO utilisateurs VALUES (11526487,"BAKEEVA","ERWANNE","1982-10-09","ERWANNE BAKEEVA","ERWANNE156178520","ERWANNE.BAKEEVA@devinci.fr",NULL,0684305632,1,"NULL");
INSERT INTO utilisateurs VALUES (113426953,"PRODOHL","KAV","1923-07-15","KAV PRODOHL","KAV48991316","KAV.PRODOHL@gmail.com",NULL,0640616494,4,"NULL");
INSERT INTO utilisateurs VALUES (19835414,"DALBONSE","OUIEM","1972-12-20","OUIEM DALBONSE","OUIEM42143873","OUIEM.DALBONSE@devinci.fr",NULL,0617879447,1,"NULL");
INSERT INTO utilisateurs VALUES (110937631,"SRRANO RODRIGUEZ","SEMITI","1974-10-09","SEMITI SRRANO RODRIGUEZ","SEMITI152157559","SEMITI.SRRANO RODRIGUEZ@yahoo.fr",NULL,0617067663,1,"NULL");
INSERT INTO utilisateurs VALUES (23606207,"RT 888 CONSEILS","Null","1981-04-24","Null RT 888 CONSEILS","Null32542593","Null.RT 888 CONSEILS@gmail.com",NULL,0667495665,4,"NULL");
INSERT INTO utilisateurs VALUES (11317642,"BEN AOUDA","LORIANO","1957-02-14","LORIANO BEN AOUDA","LORIANO142718197","LORIANO.BEN AOUDA@hotmail.com",NULL,0640604229,1,"NULL");
INSERT INTO utilisateurs VALUES (11627811,"LEVAILLANT DU DOUDET DE GRAVILLE","LOTHAY","1962-08-13","LOTHAY LEVAILLANT DU DOUDET DE GRAVILLE","LOTHAY15317157","LOTHAY.LEVAILLANT DU DOUDET DE GRAVILLE@gmail.com",NULL,0615822079,4,"NULL");
INSERT INTO utilisateurs VALUES (112153174,"FEWOU","KHAFIF","1993-05-05","KHAFIF FEWOU","KHAFIF83627797","KHAFIF.FEWOU@yahoo.fr",NULL,0652003490,1,"NULL");
INSERT INTO utilisateurs VALUES (22942214,"JEANNE DAMAS DEVELOPPEMENT","Null","1998-05-14","Null JEANNE DAMAS DEVELOPPEMENT","Null73305460","Null.JEANNE DAMAS DEVELOPPEMENT@gmail.com",NULL,0668078279,2,"NULL");
INSERT INTO utilisateurs VALUES (220650632,"EVASION A VELO","Null","1980-07-29","Null EVASION A VELO","Null19557891","Null.EVASION A VELO@yahoo.fr",NULL,0690016654,2,"NULL");
INSERT INTO utilisateurs VALUES (21381136,"SAS DOMAINE DE RILHAC","Null","1939-06-18","Null SAS DOMAINE DE RILHAC","Null127761369","Null.SAS DOMAINE DE RILHAC@hotmail.com",NULL,0653731994,2,"NULL");
INSERT INTO utilisateurs VALUES (23590307,"LES FILMS DU HUITIEME JOUR","Null","1987-11-14","Null LES FILMS DU HUITIEME JOUR","Null50278784","Null.LES FILMS DU HUITIEME JOUR@devinci.fr",NULL,0649393482,2,"NULL");
INSERT INTO utilisateurs VALUES (18062410,"MOLIZON","PUBLI","1956-11-27","PUBLI MOLIZON","PUBLI72226846","PUBLI.MOLIZON@hotmail.com",NULL,0626911160,1,"NULL");
INSERT INTO utilisateurs VALUES (113285034,"PEREIRA GANHI","AMIEN","1980-11-16","AMIEN PEREIRA GANHI","AMIEN44100594","AMIEN.PEREIRA GANHI@yahoo.fr",NULL,0650219236,3,"NULL");
INSERT INTO utilisateurs VALUES (218405051,"E2gm","Null","1963-04-22","Null E2gm","Null19962005","Null.E2gm@yahoo.fr",NULL,0621774817,2,"NULL");
INSERT INTO utilisateurs VALUES (115333135,"MARTIN INDIVISION","TAYRONE","2000-06-05","TAYRONE MARTIN INDIVISION","TAYRONE47162709","TAYRONE.MARTIN INDIVISION@yahoo.fr",NULL,0675131935,1,"NULL");
INSERT INTO utilisateurs VALUES (115925615,"VILLARROEL SANCHEZ","MARTI","1997-01-15","MARTI VILLARROEL SANCHEZ","MARTI69837970","MARTI.VILLARROEL SANCHEZ@yahoo.fr",NULL,0632738306,1,"NULL");
INSERT INTO utilisateurs VALUES (19239040,"LAWSON AHLUIVIGAN","IHSANE","1923-12-28","IHSANE LAWSON AHLUIVIGAN","IHSANE113102413","IHSANE.LAWSON AHLUIVIGAN@devinci.fr",NULL,0687097143,3,"NULL");
INSERT INTO utilisateurs VALUES (117910457,"SOITTOUX","BILJIANA","1940-11-16","BILJIANA SOITTOUX","BILJIANA134197970","BILJIANA.SOITTOUX@yahoo.fr",NULL,0613015784,1,"NULL");
INSERT INTO utilisateurs VALUES (11710033,"LE MARCHADOUR","NOBERTO","1974-01-10","NOBERTO LE MARCHADOUR","NOBERTO99084224","NOBERTO.LE MARCHADOUR@devinci.fr",NULL,0677611078,1,"NULL");


-- peuplement de la table actualites

INSERT INTO actualites VALUES (111110296,"Lorem ipsum","Lorem ipsum dolor sit amet, consectetur adipiscing elit. Sed non risus. Suspendisse lectus tortor, dignissim sit amet, adipiscing nec, ultricies sed, dolor.","1945-04-04",True,NULL,"",True,115790995);
INSERT INTO actualites VALUES (11116508,"Lorem ipsum","Lorem ipsum dolor sit amet, consectetur adipiscing elit. Sed non risus. Suspendisse lectus tortor, dignissim sit amet, adipiscing nec, ultricies sed, dolor.","1945-04-24",True,NULL,"",True,211768189);
INSERT INTO actualites VALUES (111116549,"Lorem ipsum","Lorem ipsum dolor sit amet, consectetur adipiscing elit. Sed non risus. Suspendisse lectus tortor, dignissim sit amet, adipiscing nec, ultricies sed, dolor.","1975-10-22",True,NULL,"",True,21980615);
INSERT INTO actualites VALUES (111116217,"Lorem ipsum","Lorem ipsum dolor sit amet, consectetur adipiscing elit. Sed non risus. Suspendisse lectus tortor, dignissim sit amet, adipiscing nec, ultricies sed, dolor.","1957-06-23",True,NULL,"",True,220285091);
INSERT INTO actualites VALUES (11117275,"Lorem ipsum","Lorem ipsum dolor sit amet, consectetur adipiscing elit. Sed non risus. Suspendisse lectus tortor, dignissim sit amet, adipiscing nec, ultricies sed, dolor.","1950-10-01",True,NULL,"",True,112354653);
INSERT INTO actualites VALUES (11114975,"Lorem ipsum","Lorem ipsum dolor sit amet, consectetur adipiscing elit. Sed non risus. Suspendisse lectus tortor, dignissim sit amet, adipiscing nec, ultricies sed, dolor.","1952-10-14",True,NULL,"",True,210375029);


-- peuplement de la table contact

INSERT INTO contacts VALUES (19623951,120686476);
INSERT INTO contacts VALUES (115333135,17853871);
INSERT INTO contacts VALUES (112777287,113285034);
INSERT INTO contacts VALUES (215943966,211773411);
INSERT INTO contacts VALUES (19623951,19877732);
INSERT INTO contacts VALUES (24870077,220140173);
INSERT INTO contacts VALUES (213150565,113113972);
INSERT INTO contacts VALUES (17853871,211768189);
INSERT INTO contacts VALUES (115805387,27332610);
INSERT INTO contacts VALUES (116584365,119275099);
INSERT INTO contacts VALUES (112777287,117910457);
INSERT INTO contacts VALUES (28271228,116162802);
INSERT INTO contacts VALUES (210765908,113426953);
INSERT INTO contacts VALUES (114912868,118629453);
INSERT INTO contacts VALUES (114175118,120686476);
INSERT INTO contacts VALUES (2586277,19623951);
INSERT INTO contacts VALUES (114175118,218405051);
INSERT INTO contacts VALUES (120686476,21980615);
INSERT INTO contacts VALUES (16843031,12292532);
INSERT INTO contacts VALUES (113285034,19835414);
INSERT INTO contacts VALUES (11710033,111491228);
INSERT INTO contacts VALUES (16669269,114413409);
INSERT INTO contacts VALUES (112354653,11710033);
INSERT INTO contacts VALUES (116162802,118629453);
INSERT INTO contacts VALUES (218461587,21381136);
INSERT INTO contacts VALUES (28271228,220285091);
INSERT INTO contacts VALUES (220650632,217810942);
INSERT INTO contacts VALUES (23590307,118174401);
INSERT INTO contacts VALUES (19623951,110937631);
INSERT INTO contacts VALUES (25287892,116994293);
INSERT INTO contacts VALUES (17853871,210765908);
INSERT INTO contacts VALUES (16242076,115333135);
INSERT INTO contacts VALUES (23606207,11627811);
INSERT INTO contacts VALUES (210375029,113113972);
INSERT INTO contacts VALUES (19752598,19728042);
INSERT INTO contacts VALUES (111491228,110233418);
INSERT INTO contacts VALUES (114001025,114175118);
INSERT INTO contacts VALUES (11627811,15224339);
INSERT INTO contacts VALUES (115805387,19787400);
INSERT INTO contacts VALUES (119977682,211005794);
INSERT INTO contacts VALUES (114747195,21980615);
INSERT INTO contacts VALUES (211005794,19787400);
INSERT INTO contacts VALUES (114413409,22942214);
INSERT INTO contacts VALUES (1488753,22942214);
INSERT INTO contacts VALUES (115805387,22942214);
INSERT INTO contacts VALUES (11627811,115805387);
INSERT INTO contacts VALUES (114001026,114175118);
INSERT INTO contacts VALUES (211768189,216942260);
INSERT INTO contacts VALUES (116584365,210765908);
INSERT INTO contacts VALUES (114413409,27332610);
INSERT INTO contacts VALUES (23590307,112608714);
INSERT INTO contacts VALUES (211768189,211005794);
INSERT INTO contacts VALUES (19623951,113113972);
INSERT INTO contacts VALUES (12292532,211773411);
INSERT INTO contacts VALUES (110233418,114912868);
INSERT INTO contacts VALUES (210413365,16669269);
INSERT INTO contacts VALUES (112354653,220140173);
INSERT INTO contacts VALUES (210765908,19623951);
INSERT INTO contacts VALUES (110862961,220140173);
INSERT INTO contacts VALUES (113719838,113285034);
INSERT INTO contacts VALUES (115333135,111491228);
INSERT INTO contacts VALUES (11317642,120968730);
INSERT INTO contacts VALUES (23590307,25287892);
INSERT INTO contacts VALUES (11526487,19787400);
INSERT INTO contacts VALUES (115925615,110233418);
INSERT INTO contacts VALUES (114912868,116781821);
INSERT INTO contacts VALUES (216942260,215680582);
INSERT INTO contacts VALUES (22942214,19835414);
INSERT INTO contacts VALUES (16843031,116994293);
INSERT INTO contacts VALUES (110233418,120391545);
INSERT INTO contacts VALUES (18062410,211773411);
INSERT INTO contacts VALUES (211005794,118629453);
INSERT INTO contacts VALUES (216403595,13480420);
INSERT INTO contacts VALUES (112354653,16669269);
INSERT INTO contacts VALUES (116162802,112608714);
INSERT INTO contacts VALUES (110937631,119977682);
INSERT INTO contacts VALUES (114175118,11526487);
INSERT INTO contacts VALUES (120256522,214948594);
INSERT INTO contacts VALUES (19877732,11710033);
INSERT INTO contacts VALUES (112354653,19468071);
INSERT INTO contacts VALUES (2140049,215943966);
INSERT INTO contacts VALUES (27773805,1488753);
INSERT INTO contacts VALUES (120256522,19468071);
INSERT INTO contacts VALUES (214948594,119275099);
INSERT INTO contacts VALUES (14327546,112153174);
INSERT INTO contacts VALUES (218461587,22942214);
INSERT INTO contacts VALUES (19752598,26358812);
INSERT INTO contacts VALUES (213604517,116162802);
INSERT INTO contacts VALUES (19468071,113807724);
INSERT INTO contacts VALUES (28938468,1615112);
INSERT INTO contacts VALUES (114175118,26128222);
INSERT INTO contacts VALUES (15224339,113807724);
INSERT INTO contacts VALUES (110233418,1488753);
INSERT INTO contacts VALUES (114175118,120256522);
INSERT INTO contacts VALUES (214399153,120675882);
INSERT INTO contacts VALUES (16669269,120686476);
INSERT INTO contacts VALUES (28938468,15224339);
INSERT INTO contacts VALUES (113807724,15224339);
INSERT INTO contacts VALUES (115333135,113113972);
INSERT INTO contacts VALUES (13480420,26358812);
INSERT INTO contacts VALUES (113290393,114747195);


-- peuplement de la table entreprise

INSERT INTO entreprise VALUES (1701852717,"Societe par actions simplifiee a associe unique","829475441","36046829475441",211768189,"138 RUE PELLEPORT","Fast-Food","H14.com","H14@gmail.com","Bonjour");
INSERT INTO entreprise VALUES (1767340870,"Societe a responsabilite limitee","832786305","35078832786305",2140049,"2 AVENUE DE LATTRE DE TASSIGNY","Entreprise Technologique","BATINOR N?1 NEW.net","BATINOR N?1 NEW@yahoo.fr","Bonjour");
INSERT INTO entreprise VALUES (1025519172,"Societe par actions simplifiee","825163694","36087825163694",214948594,"14 LES PRADES","Fintech","SOLEIL DE L'YSSANDONNAIS.com","SOLEIL DE L'YSSANDONNAIS@yahoo.fr","Bonjour");
INSERT INTO entreprise VALUES (1126217406,"Societe a responsabilite limitee a associe unique","830863577","86058830863577",27773805,"10 AVENUE DE LA PAIX","Fintech","ACCRO LIMOUSIN.en","ACCRO LIMOUSIN@yahoo.fr","Bonjour");
INSERT INTO entreprise VALUES (302895196,"Societe par actions simplifiee a associe unique","831565221","63244831565221",21980615,"1 COUR PAPLOREY","Fast-Food","OLYMPE & GABRIELLE SAS.net","OLYMPE & GABRIELLE SAS@gmail.com","Bonjour");
INSERT INTO entreprise VALUES (380975292,"Societe a responsabilite limitee a associe unique","833779416","32221833779416",2586277,"4 PLACE DU MARECHAL JUIN","Fast-Food","LES BONNIERES.en","LES BONNIERES@gmail.com","Bonjour");
INSERT INTO entreprise VALUES (2043339027,"Societe par actions simplifiee  a associe unique et capital variable","830447553","16797830447553",210413365,"8 B RUE DU COUDERC","Fintech","HAPPY CARS.fr","HAPPY CARS@devinci.fr","Bonjour");
INSERT INTO entreprise VALUES (1134729227,"Societe a responsabilite limitee","793315920","35740793315920",216403595,"5 BOULEVARD HENRI POINCARE","Fast-Food","TREFLES ELECTRICITE.en","TREFLES ELECTRICITE@devinci.fr","Bonjour");
INSERT INTO entreprise VALUES (1187272897,"Societe par actions simplifiee","828327270","31594828327270",26128222,"LA MAISON LIERUE","Fintech","SO WORK.en","SO WORK@yahoo.fr","Bonjour");
INSERT INTO entreprise VALUES (977907133,"Societe a responsabilite limitee","508485851","81365508485851",220140173,"45 AVENUE PAUL SIGNAC","Fast-Food","POULET BRAISE.fr","POULET BRAISE@devinci.fr","Bonjour");
INSERT INTO entreprise VALUES (250087827,"Societe a responsabilite limitee","813496262","52101813496262",28271228,"44 RUE RODIER","Auto-Entrepreneur","PAUL.com","PAUL@hotmail.com","Bonjour");
INSERT INTO entreprise VALUES (81317774,"Societe a responsabilite limitee","831894720","41070831894720",28271228,"81 rue du Docteur Vigne","Auto-Entrepreneur","PAUL.com","PAUL@devinci.fr","Bonjour");
INSERT INTO entreprise VALUES (1240550677,"Societe par actions simplifiee a associe unique","829203116","91898829203116",210765908,"67 AVENUE DE VERDUN","Auto-Entrepreneur","ADAM AUTOMOBILE.en","ADAM AUTOMOBILE@yahoo.fr","Bonjour");
INSERT INTO entreprise VALUES (1826264125,"Societe a responsabilite limitee","833650690","70162833650690",210375029,"10 RUE PIERRE MATHIEU","Fintech","SARL RUTER.com","SARL RUTER@hotmail.com","Bonjour");
INSERT INTO entreprise VALUES (165475443,"Societe par actions simplifiee a associe unique","833909104","72161833909104",214399153,"22 RUE DU GOLF","Fintech","9JR AVENIR INVESTISSEMENTS.en","9JR AVENIR INVESTISSEMENTS@gmail.com","Bonjour");
INSERT INTO entreprise VALUES (467302703,"Societe par actions simplifiee","823457353","66773823457353",213604517,"20 CHEMIN DE CAZEAUX","Entreprise Technologique","SYNAPTIQUE PRODUCTION.fr","SYNAPTIQUE PRODUCTION@hotmail.com","Bonjour");
INSERT INTO entreprise VALUES (1704009998,"Societe par actions simplifiee","833735418","24917833735418",220285091,"15 RUE DENIS PAPIN","Fast-Food","LOCASYL ENERGIES Groupe.en","LOCASYL ENERGIES Groupe@devinci.fr","Bonjour");
INSERT INTO entreprise VALUES (863202078,"Societe par actions simplifiee","833554264","43968833554264",215943966,"8 C RUE PAUL DOUMER","Fintech","LA MAREE.net","LA MAREE@hotmail.com","Bonjour");
INSERT INTO entreprise VALUES (1349930147,"Societe par actions simplifiee a associe unique","828378810","50912828378810",215943966,"11 T RUE MARC SANGNIER","Fintech","LA MAREE.fr","LA MAREE@gmail.com","Bonjour");
INSERT INTO entreprise VALUES (653546172,"Societe par actions simplifiee","831361233","17768831361233",213150565,"6 RUE HENRI PROST","Entreprise Technologique","OBSESSIONS CULINAIRES.net","OBSESSIONS CULINAIRES@devinci.fr","Bonjour");
INSERT INTO entreprise VALUES (132286926,"Societe par actions simplifiee a associe unique","828944876","47335828944876",26358812,"7 AVENUE SENAC DE MEILHAN","Fintech","SYLVIE NOIRBENT PEINTRE DECORATRICE.en","SYLVIE NOIRBENT PEINTRE DECORATRICE@hotmail.com","Bonjour");
INSERT INTO entreprise VALUES (1753102414,"Societe a responsabilite limitee a associe unique","831676416","32026831676416",24870077,"7 LOTISSEMENT LE CLOS DES PRUNUS","Auto-Entrepreneur","AE2F.fr","AE2F@gmail.com","Bonjour");
INSERT INTO entreprise VALUES (1528912955,"Societe par actions simplifiee","829194968","63208829194968",24870077,"1439 RUE DU FORT","Entreprise Technologique","AE2F.fr","AE2F@yahoo.fr","Bonjour");
INSERT INTO entreprise VALUES (834531839,"Societe a responsabilite limitee a associe unique","832321632","72230832321632",216942260,"MONTCHAL","Fintech","AMP Charpente.en","AMP Charpente@yahoo.fr","Bonjour");
INSERT INTO entreprise VALUES (1136876587,"Societe par actions simplifiee a associe unique","830344339","58852830344339",218461587,"12 ROUTE DU POULGOT","Fast-Food","TECHNODAL.com","TECHNODAL@devinci.fr","Bonjour");
INSERT INTO entreprise VALUES (1809102510,"Societe par actions simplifiee","832707889","66582832707889",23432036,"18 AVENUE VICTOR DALBIEZ","Auto-Entrepreneur","LA GRAPPE ESCALADE.en","LA GRAPPE ESCALADE@yahoo.fr","Bonjour");
INSERT INTO entreprise VALUES (1151511033,"Societe par actions simplifiee","834227373","53642834227373",211005794,"6 RUE LA FAYETTE","Entreprise Technologique","GENESIX.com","GENESIX@hotmail.com","Bonjour");
INSERT INTO entreprise VALUES (1667763305,"Societe par actions simplifiee","830385464","61731830385464",28938468,"16 RUE ELIE D ELIA","Fintech","BISTROT DE LA MER.com","BISTROT DE LA MER@gmail.com","Bonjour");
INSERT INTO entreprise VALUES (1778454871,"Societe par actions simplifiee","833584220","58696833584220",217810942,"9 RUE GAMBETTA","Fast-Food","Gazeau BTZ.fr","Gazeau BTZ@gmail.com","Bonjour");
INSERT INTO entreprise VALUES (2115830565,"Societe par actions simplifiee a associe unique","832107478","75219832107478",27332610,"66 AVENUE DES CHAMPS ELYSEES","Fintech","HOLDING G5.com","HOLDING G5@gmail.com","Bonjour");
INSERT INTO entreprise VALUES (868190692,"Societe par actions simplifiee","834061707","41745834061707",215680582,"2 B PLACE ALLARD","Fast-Food","ADDC.en","ADDC@devinci.fr","Bonjour");
INSERT INTO entreprise VALUES (50601488,"Societe a responsabilite limitee","832673289","86578832673289",215680582,"21 B AVENUE FRANKLIN ROOSEVELT","Entreprise Technologique","ADDC.fr","ADDC@devinci.fr","Bonjour");
INSERT INTO entreprise VALUES (1827368013,"Societe par actions simplifiee a associe unique","833128622","73659833128622",25287892,"25 ROUTE DE TART L ABBAYE","Auto-Entrepreneur","Kameleon.en","Kameleon@hotmail.com","Bonjour");
INSERT INTO entreprise VALUES (892918268,"Societe par actions simplifiee a associe unique","833572316","60143833572316",211773411,"2 RUE DOYEN GOSSE","Fintech","SFB GROUP.fr","SFB GROUP@devinci.fr","Bonjour");
INSERT INTO entreprise VALUES (1399256514,"Societe a responsabilite limitee","833252349","43648833252349",23606207,"101 RUE DE SEVRES","Auto-Entrepreneur","RT 888 CONSEILS.fr","RT 888 CONSEILS@yahoo.fr","Bonjour");
INSERT INTO entreprise VALUES (1962454290,"Societe par actions simplifiee a associe unique","829667690","17860829667690",22942214,"49 RUE SAINT MAUR","Fintech","JEANNE DAMAS DEVELOPPEMENT.com","JEANNE DAMAS DEVELOPPEMENT@devinci.fr","Bonjour");
INSERT INTO entreprise VALUES (1213386034,"Societe par actions simplifiee a associe unique","832268379","25184832268379",220650632,"9 RUE NEUVE SAINT GERMAIN","Entreprise Technologique","EVASION A VELO.com","EVASION A VELO@yahoo.fr","Bonjour");
INSERT INTO entreprise VALUES (1176338856,"Societe par actions simplifiee","828002766","85559828002766",21381136,"Lieudit Rilhac","Entreprise Technologique","SAS DOMAINE DE RILHAC.com","SAS DOMAINE DE RILHAC@gmail.com","Bonjour");
INSERT INTO entreprise VALUES (21526871,"Societe par actions simplifiee","828148486","14860828148486",23590307,"226 RUE SAINT DENIS","Entreprise Technologique","LES FILMS DU HUITIEME JOUR.com","LES FILMS DU HUITIEME JOUR@yahoo.fr","Bonjour");
INSERT INTO entreprise VALUES (1401043578,"Societe a responsabilite limitee a associe unique","833604853","10066833604853",218405051,"151 AVENUE DE CASTRES","Fast-Food","E2gm.en","E2gm@gmail.com","Bonjour");


-- peuplement de la table typesdexperiences

INSERT INTO typesdexperiences VALUES (1859146442,"Alternance");
INSERT INTO typesdexperiences VALUES (1995915311,"CDD");
INSERT INTO typesdexperiences VALUES (1192413235,"CDI");
INSERT INTO typesdexperiences VALUES (114325458,"Stage");


-- peuplement de la table experience

INSERT INTO experiences VALUES (119347424,"Entreprise","2005-04-03","2030-09-16","Cryptomonnaie",1859146442,null,"");
INSERT INTO experiences VALUES (111491228,"Entreprise","2005-08-12","2017-11-04","Entreprise Techno",1859146442,null,"");
INSERT INTO experiences VALUES (112777287,"Entreprise","2006-11-11","2013-12-21","Cryptomonnaie",1859146442,null,"");
INSERT INTO experiences VALUES (15224339,"Entreprise","2004-07-11","2023-06-04","Entrepreneur",1859146442,null,"");
INSERT INTO experiences VALUES (19621864,"Entreprise","2005-09-20","2022-06-21","Entreprise Techno",1859146442,null,"");
INSERT INTO experiences VALUES (116584365,"Entreprise","2009-09-12","2026-08-01","Entreprise Techno",1859146442,null,"");
INSERT INTO experiences VALUES (16242076,"Entreprise","2006-12-28","2028-06-05","Entreprise Techno",1859146442,null,"");
INSERT INTO experiences VALUES (1615112,"Entreprise","2008-01-29","2030-06-16","Entreprise Techno",1859146442,null,"");
INSERT INTO experiences VALUES (114001025,"Entreprise","2006-02-21","2022-08-12","Entrepreneur",1859146442,null,"");
INSERT INTO experiences VALUES (113113972,"Entreprise","2007-10-16","2017-10-26","Cryptomonnaie",1859146442,null,"");
INSERT INTO experiences VALUES (115805387,"Entreprise","2008-05-08","2016-07-11","Entrepreneur",1859146442,null,"");
INSERT INTO experiences VALUES (120675882,"Entreprise","2007-10-21","2030-01-02","Cryptomonnaie",1859146442,null,"");
INSERT INTO experiences VALUES (120391545,"Entreprise","2004-10-10","2020-07-22","Entrepreneur",1859146442,null,"");
INSERT INTO experiences VALUES (14327546,"Entreprise","2006-01-26","2019-02-20","Entrepreneur",1859146442,null,"");
INSERT INTO experiences VALUES (19623951,"Entreprise","2004-03-06","2028-04-22","Entrepreneur",1859146442,null,"");
INSERT INTO experiences VALUES (115790995,"Entreprise","2006-06-26","2021-02-14","CDI",1859146442,null,"");
INSERT INTO experiences VALUES (116781821,"Entreprise","2008-05-04","2027-04-07","CDI",1859146442,null,"");
INSERT INTO experiences VALUES (1488753,"Entreprise","2009-11-06","2023-01-13","Cryptomonnaie",1859146442,null,"");
INSERT INTO experiences VALUES (19752598,"Entreprise","2007-08-27","2016-09-16","Entrepreneur",1859146442,null,"");
INSERT INTO experiences VALUES (116994293,"Entreprise","2009-05-13","2020-02-20","Entreprise Techno",1859146442,null,"");
INSERT INTO experiences VALUES (16669269,"Entreprise","2004-06-08","2028-12-01","Entrepreneur",1859146442,null,"");
INSERT INTO experiences VALUES (16843031,"Entreprise","2006-12-03","2029-10-02","CDI",1859146442,null,"");
INSERT INTO experiences VALUES (113719838,"Entreprise","2004-10-17","2011-06-14","CDI",1859146442,null,"");
INSERT INTO experiences VALUES (110233418,"Entreprise","2004-10-11","2022-11-23","Entrepreneur",1859146442,null,"");
INSERT INTO experiences VALUES (120686476,"Entreprise","2004-03-28","2012-02-07","Cryptomonnaie",1859146442,null,"");
INSERT INTO experiences VALUES (119275099,"Entreprise","2005-02-23","2011-09-15","Cryptomonnaie",1859146442,null,"");
INSERT INTO experiences VALUES (118381295,"Entreprise","2005-08-06","2025-01-17","Entreprise Techno",1859146442,null,"");
INSERT INTO experiences VALUES (113803135,"Entreprise","2006-04-05","2015-02-23","Cryptomonnaie",1859146442,null,"");
INSERT INTO experiences VALUES (19787400,"Entreprise","2005-09-22","2020-11-04","Entrepreneur",1859146442,null,"");
INSERT INTO experiences VALUES (17853871,"Entreprise","2005-03-21","2026-02-06","CDI",1859146442,null,"");
INSERT INTO experiences VALUES (114747195,"Entreprise","2008-07-02","2023-12-01","Entreprise Techno",1859146442,null,"");
INSERT INTO experiences VALUES (113807724,"Entreprise","2008-10-24","2030-09-20","Entreprise Techno",1859146442,null,"");
INSERT INTO experiences VALUES (112354653,"Entreprise","2009-03-15","2023-07-26","Entrepreneur",1859146442,null,"");
INSERT INTO experiences VALUES (114175118,"Entreprise","2006-08-10","2019-05-03","Entrepreneur",1859146442,null,"");
INSERT INTO experiences VALUES (110862961,"Entreprise","2004-06-16","2015-10-03","Entreprise Techno",1859146442,null,"");
INSERT INTO experiences VALUES (118629453,"Entreprise","2004-07-12","2028-09-07","Cryptomonnaie",1859146442,null,"");
INSERT INTO experiences VALUES (120968730,"Entreprise","2004-09-16","2027-08-16","Entrepreneur",1859146442,null,"");
INSERT INTO experiences VALUES (120256522,"Entreprise","2005-10-23","2026-04-15","Entreprise Techno",1859146442,null,"");
INSERT INTO experiences VALUES (113290393,"Entreprise","2005-05-27","2010-02-01","Cryptomonnaie",1859146442,null,"");
INSERT INTO experiences VALUES (114912868,"Entreprise","2007-08-15","2020-02-23","Entrepreneur",1859146442,null,"");
INSERT INTO experiences VALUES (116162802,"Entreprise","2007-05-12","2026-02-28","CDI",1859146442,null,"");
INSERT INTO experiences VALUES (118174401,"Entreprise","2007-11-26","2026-08-28","CDI",1859146442,null,"");
INSERT INTO experiences VALUES (19468071,"Entreprise","2009-06-22","2022-10-23","Cryptomonnaie",1859146442,null,"");
INSERT INTO experiences VALUES (118886479,"Entreprise","2005-03-26","2013-01-10","Entreprise Techno",1859146442,null,"");
INSERT INTO experiences VALUES (13480420,"Entreprise","2007-05-13","2013-02-28","Entreprise Techno",1859146442,null,"");
INSERT INTO experiences VALUES (19877732,"Entreprise","2006-01-14","2027-09-14","Entreprise Techno",1859146442,null,"");
INSERT INTO experiences VALUES (119977682,"Entreprise","2005-10-09","2016-08-10","Cryptomonnaie",1859146442,null,"");
INSERT INTO experiences VALUES (12292532,"Entreprise","2004-01-28","2021-09-20","Entrepreneur",1859146442,null,"");
INSERT INTO experiences VALUES (112608714,"Entreprise","2007-07-25","2021-11-17","Cryptomonnaie",1859146442,null,"");
INSERT INTO experiences VALUES (19728042,"Entreprise","2008-12-20","2030-11-29","CDI",1859146442,null,"");
INSERT INTO experiences VALUES (11526487,"Entreprise","2007-05-22","2026-06-26","Cryptomonnaie",1859146442,null,"");
INSERT INTO experiences VALUES (113426953,"Entreprise","2004-02-04","2028-07-08","CDI",1859146442,null,"");
INSERT INTO experiences VALUES (19835414,"Entreprise","2004-04-21","2022-10-10","CDI",1859146442,null,"");
INSERT INTO experiences VALUES (110937631,"Entreprise","2004-08-23","2013-03-11","Entreprise Techno",1859146442,null,"");
INSERT INTO experiences VALUES (11317642,"Entreprise","2008-01-27","2026-11-27","Entrepreneur",1859146442,null,"");
INSERT INTO experiences VALUES (11627811,"Entreprise","2004-01-03","2024-01-17","Entrepreneur",1859146442,null,"");
INSERT INTO experiences VALUES (112153174,"Entreprise","2009-02-26","2027-11-22","Entrepreneur",1859146442,null,"");
INSERT INTO experiences VALUES (18062410,"Entreprise","2005-05-02","2013-07-25","CDI",1859146442,null,"");
INSERT INTO experiences VALUES (113285034,"Entreprise","2007-10-23","2010-02-10","Cryptomonnaie",1859146442,null,"");
INSERT INTO experiences VALUES (114413409,"Entreprise","2006-06-15","2013-05-23","Entrepreneur",1859146442,null,"");
INSERT INTO experiences VALUES (115333135,"Entreprise","2007-09-23","2026-06-16","CDI",1859146442,null,"");
INSERT INTO experiences VALUES (115925615,"Entreprise","2005-04-20","2020-06-04","CDI",1859146442,null,"");
INSERT INTO experiences VALUES (19239040,"Entreprise","2009-09-27","2027-09-20","Cryptomonnaie",1859146442,null,"");
INSERT INTO experiences VALUES (117910457,"Entreprise","2006-11-22","2015-12-03","CDI",1859146442,null,"");
INSERT INTO experiences VALUES (11710033,"Entreprise","2008-03-22","2025-10-19","Entrepreneur",1859146442,null,"");


-- peuplement de la table logconnexions

INSERT INTO logconnexions VALUES (null,null,null,null);


-- peuplement de la table message

INSERT INTO message VALUES (null,null,null,null,null,null,null,null,null);


-- peuplement de la table typedecontrat

INSERT INTO typedecontrat VALUES (1973636002,null);


-- peuplement de la table offresdemploie

INSERT INTO offresdemploie VALUES (1404355998,211768189,"alpha","commentaire",null,0,"150000 euros",null,null,null,true);


-- peuplement de la table publicites

INSERT INTO publicites VALUES (210413365,null,null,null,null,null,true,"lydia");

-- peuplement de la table publicites

INSERT INTO publicites VALUES (219632194,null,null,null,null,null,true,"lydia");